,x,y,L
0,-0.244443554,0.301107011,1
1,-0.24034264,0.317298318,1
2,-0.207210158,0.353345276,1
3,-0.226362855,0.303628639,1
4,-0.244605868,0.321406274,1
5,-0.272580197,0.241201134,1
6,-0.234818726,0.350490441,1
7,-0.241994369,0.243057148,1
8,-0.252807044,0.270192845,1
9,-0.248536984,0.270465004,1
10,-0.257079066,0.232506594,1
11,-0.247206288,0.248894101,1
12,-0.261204802,0.281913634,1
13,-0.237607384,0.324375677,1
14,-0.208988533,0.318821136,1
15,-0.251224832,0.274627846,1
16,-0.272240429,0.263013573,1
17,-0.222485591,0.29914999,1
18,-0.240565872,0.268919323,1
19,-0.231740366,0.310828964,1
20,-0.216889109,0.322787254,1
21,-0.251161418,0.268327793,1
22,-0.259680465,0.267717024,1
23,-0.250490978,0.274256467,1
24,-0.239559743,0.316343348,1
25,-0.256821577,0.264599886,1
26,-0.235078716,0.342621991,1
27,-0.268078371,0.245202464,1
28,-0.234322684,0.304005751,1
29,-0.231151576,0.328427668,1
30,-0.200279854,0.328400295,1
31,-0.280030951,0.165936019,1
32,-0.291400927,0.26032472,1
33,-0.209029669,0.237098704,1
34,-0.298183458,0.214426307,1
35,-0.241747143,0.280431767,1
36,-0.207201547,0.315989474,1
37,-0.265109037,0.179645376,1
38,-0.311909132,0.331259302,1
39,-0.256369381,0.223934423,1
40,-0.260501177,0.229164133,1
41,-0.229418348,0.259444368,1
42,-0.191229656,0.410762261,1
43,-0.295061694,0.080080051,1
44,-0.281635012,0.303299946,1
45,-0.228034815,0.38012086,1
46,-0.257292858,0.112314144,1
47,-0.244397597,0.265791974,1
48,-0.219225892,0.404322035,1
49,-0.204556297,0.324483075,1
50,-0.345907801,0.071803093,1
51,-0.2214447,0.326454382,1
52,-0.283859154,0.218914648,1
53,-0.188263278,0.383132595,1
54,-0.343157776,0.115458813,1
55,-0.188529106,0.414019697,1
56,-0.310110244,0.198757283,1
57,-0.291174444,0.212055792,1
58,-0.242243978,0.306404891,1
59,-0.213109321,0.346133843,1
60,-0.279594639,0.313523428,1
61,-0.197387671,0.333648446,1
62,-0.22944762,0.244013909,1
63,-0.234025469,0.221151577,1
64,-0.29228861,0.202280826,1
65,-0.387210071,0.072731079,1
66,-0.332819668,0.149526542,1
67,-0.228720553,0.279738734,1
68,-0.343400915,0.174087211,1
69,-0.345774871,0.142916949,1
70,-0.249656423,0.326855011,1
71,-0.246789846,0.237693628,1
72,-0.308741887,0.16972568,1
73,-0.371063545,0.078157265,1
74,-0.173426272,0.376888568,1
75,-0.144868876,0.363790478,1
76,-0.348663464,0.091939856,1
77,-0.193631561,0.438071737,1
78,-0.27705347,0.197062872,1
79,-0.272072802,0.305145177,1
80,-0.169388778,0.355283869,1
81,-0.350318497,0.114919175,1
82,-0.194088713,0.368671781,1
83,-0.193911795,0.371970615,1
84,-0.337089444,0.211246516,1
85,-0.30280346,0.196357842,1
86,-0.17208115,0.495494065,1
87,-0.331688528,0.175178037,1
88,-0.273173659,0.263803877,1
89,-0.244722697,0.19313378,1
90,-0.207994204,0.353511447,1
91,-0.306554969,0.134019569,1
92,-0.2331296,0.428881183,1
93,-0.225570196,0.348842407,1
94,-0.272177296,0.19408535,1
95,-0.282587856,0.169553832,1
96,-0.206657408,0.495276497,1
97,-0.354714083,0.111505867,1
98,-0.140516554,0.469471323,1
99,-0.305070635,0.239944108,1
100,-0.266724813,0.120163285,1
101,-0.195303017,0.40242807,1
102,-0.233933323,0.309316633,1
103,-0.124622991,0.394399202,1
104,-0.209592449,0.37761018,1
105,-0.379223936,0.104201924,1
106,-0.273688809,0.192882445,1
107,-0.243913971,0.298512295,1
108,-0.220226331,0.443576322,1
109,-0.247849693,0.25113434,1
110,-0.272124194,0.117780302,1
111,-0.154046427,0.33325576,1
112,-0.273502755,0.354072469,1
113,-0.241179936,0.282923342,1
114,-0.31212925,0.174861636,1
115,-0.223238988,0.243333795,1
116,-0.236078723,0.260245924,1
117,-0.222310243,0.378505783,1
118,-0.228770366,0.268953636,1
119,-0.298716771,0.225429624,1
120,-0.147932023,0.387684724,1
121,-0.259033635,0.300184901,1
122,-0.208476177,0.168798312,1
123,-0.216166409,0.281805423,1
124,-0.14839674,0.421358982,1
125,-0.307521486,0.159289963,1
126,-0.216701579,0.244682217,1
127,-0.212449739,0.277359806,1
128,-0.206372785,0.336389939,1
129,-0.267852321,0.215630707,1
130,-0.221524046,0.304160991,1
131,-0.174914963,0.402195695,1
132,-0.30519384,0.237014276,1
133,-0.301708063,0.311421815,1
134,-0.271648121,0.121830148,1
135,-0.277489325,0.239483401,1
136,-0.179909211,0.415248747,1
137,-0.248685115,0.279589278,1
138,-0.25864532,0.317432559,1
139,-0.266535967,0.263060496,1
140,-0.165266383,0.46017366,1
141,-0.208720608,0.404989926,1
142,-0.229118743,0.297304025,1
143,-0.245910952,0.374666041,1
144,-0.187520117,0.32716671,1
145,-0.359452818,0.015293257,1
146,-0.139893931,0.502678079,1
147,-0.14366208,0.445996771,1
148,-0.24806377,0.186217113,1
149,-0.263082449,0.325424155,1
150,-0.267028183,0.316968372,1
151,-0.283594581,0.220711484,1
152,-0.297283327,0.13649048,1
153,-0.209142846,0.283461922,1
154,-0.274407696,0.203558452,1
155,-0.265662113,0.172959473,1
156,-0.21007674,0.30113036,1
157,-0.162004059,0.438136671,1
158,-0.237443979,0.402968836,1
159,-0.320120243,0.112652995,1
160,-0.156734086,0.516804725,1
161,-0.184227957,0.354271192,1
162,-0.22404112,0.25462315,1
163,-0.325678745,0.184072488,1
164,-0.28180438,0.229415121,1
165,-0.26557086,0.204095161,1
166,-0.252010023,0.184413546,1
167,-0.198929538,0.42520016,1
168,-0.24718573,0.215253666,1
169,-0.320764145,0.08874993,1
170,-0.327889615,0.20038642,1
171,-0.193875715,0.279543087,1
172,-0.252469472,0.332606697,1
173,-0.133549443,0.392158722,1
174,-0.213332311,0.437363546,1
175,-0.296145226,0.187332141,1
176,-0.20903459,0.298321852,1
177,-0.251481285,0.194857079,1
178,-0.260671195,0.241977771,1
179,-0.39128833,-0.081600173,1
180,-0.207471209,0.281853527,1
181,-0.260370919,0.153002041,1
182,-0.228693129,0.133616438,1
183,-0.186400157,0.315316087,1
184,-0.342256686,0.226604145,1
185,-0.139577126,0.447335735,1
186,-0.148065111,0.46269842,1
187,-0.21719912,0.364958343,1
188,-0.304742337,0.299242689,1
189,-0.240571983,0.291647066,1
190,-0.292357701,0.307957336,1
191,-0.247088132,0.260538082,1
192,-0.234989386,0.261463408,1
193,-0.248309606,0.31621131,1
194,-0.394459868,0.013538016,1
195,-0.274508608,0.084292667,1
196,-0.225080522,0.277482149,1
197,-0.223295818,0.25687988,1
198,-0.209321388,0.414335096,1
199,-0.261040187,0.353799118,1
200,-0.185319543,0.432764406,1
201,-0.2235538,0.349310265,1
202,-0.189082203,0.306695975,1
203,-0.304280836,0.223482168,1
204,-0.185103832,0.503753524,1
205,-0.233681385,0.420964429,1
206,-0.20338546,0.330224334,1
207,-0.207559936,0.392140821,1
208,-0.241536988,0.211965182,1
209,-0.310514384,-0.019380824,1
210,-0.260040309,0.324884254,1
211,-0.258379206,0.197968377,1
212,-0.305332095,0.157723887,1
213,-0.243427623,0.307096119,1
214,-0.213257484,0.306150223,1
215,-0.334558004,0.144870117,1
216,-0.272235356,0.303366925,1
217,-0.312148778,0.158360182,1
218,-0.234855636,0.325870979,1
219,-0.345199654,0.150810007,1
220,-0.249312365,0.291241755,1
221,-0.22455571,0.242719633,1
222,-0.236393462,0.30734356,1
223,-0.296066045,0.3108463,1
224,-0.220033622,0.279055453,1
225,-0.19829775,0.415146766,1
226,-0.078914981,0.559495392,1
227,-0.280260301,0.159008233,1
228,-0.288944298,0.229170451,1
229,-0.219999553,0.204606768,1
230,-0.226973268,0.337693858,1
231,-0.295591424,0.223176369,1
232,-0.254507493,0.206706424,1
233,-0.317897551,0.195033871,1
234,-0.228432823,0.348529319,1
235,-0.144044489,0.552279882,1
236,-0.308437204,0.191908612,1
237,-0.242040025,0.231567489,1
238,-0.268471223,0.256673074,1
239,-0.331964329,0.073193685,1
240,-0.313006794,0.341888999,1
241,-0.130187469,0.422459681,1
242,-0.210162845,0.351689638,1
243,-0.163585863,0.486018465,1
244,-0.237829089,0.345216536,1
245,-0.260481581,0.151646482,1
246,-0.309846024,0.129716049,1
247,-0.219414889,0.349517082,1
248,-0.304826153,0.187140417,1
249,-0.215435878,0.387546136,1
250,-0.207608085,0.253193115,1
251,-0.226918412,0.208704379,1
252,-0.187768662,0.373861189,1
253,-0.198455098,0.343071652,1
254,-0.267486053,0.187074099,1
255,-0.338166855,0.084423346,1
256,-0.291053729,0.233933991,1
257,-0.240216435,0.235614753,1
258,-0.198434507,0.497762815,1
259,-0.221750603,0.375563621,1
260,-0.201526042,0.198454324,1
261,-0.265283487,0.214768125,1
262,-0.246271906,0.338501868,1
263,-0.3022722,0.184478245,1
264,-0.244046288,0.078144568,1
265,-0.204995032,0.30344834,1
266,-0.222393662,0.500191775,1
267,-0.269585022,0.191703092,1
268,-0.202169869,0.268434152,1
269,-0.197649736,0.341106458,1
270,-0.246547153,0.348455681,1
271,-0.213142802,0.363960531,1
272,-0.132522567,0.292018397,1
273,-0.305377382,0.012385781,1
274,-0.288648619,0.252950671,1
275,-0.252565306,0.395473061,1
276,-0.247337017,0.298287674,1
277,-0.184032692,0.49287053,1
278,-0.32969071,0.189698506,1
279,-0.267497774,0.261068521,1
280,-0.287809422,0.250927786,1
281,-0.291885351,0.245392169,1
282,-0.221592566,0.308327776,1
283,-0.337529992,0.034591725,1
284,-0.153852959,0.438023392,1
285,-0.19046149,0.302248369,1
286,-0.285918355,0.206200093,1
287,-0.340610352,0.193887767,1
288,-0.242574338,0.314264831,1
289,-0.18344795,0.369767795,1
290,-0.245430633,0.379772087,1
291,-0.261981644,0.233336615,1
292,-0.232145429,0.313392842,1
293,-0.24390743,0.307554242,1
294,-0.233725004,0.301552046,1
295,-0.243729491,0.355337605,1
296,-0.253867189,0.300407435,1
297,-0.294642402,0.350055467,1
298,-0.251741153,0.278404342,1
299,-0.28901236,0.267967334,1
300,-0.025476087,0.600839948,2
301,-0.05617722,0.601164966,2
302,-0.020382552,0.577036565,2
303,-0.068214931,0.575630826,2
304,-0.028837925,0.581352166,2
305,-0.070597299,0.581654272,2
306,-0.045104929,0.582571693,2
307,-0.005289408,0.565716553,2
308,-0.072595766,0.563222325,2
309,0.015911784,0.595293526,2
310,-0.02798856,0.556172334,2
311,-0.066264499,0.571058931,2
312,-0.041860118,0.571448377,2
313,-0.067538945,0.575421651,2
314,-0.088837903,0.572458107,2
315,-0.109153954,0.548513885,2
316,-0.047654301,0.606135629,2
317,-0.086480516,0.571769246,2
318,-0.042680763,0.576194998,2
319,-0.049913731,0.568414865,2
320,-0.069491811,0.57038983,2
321,-0.049816453,0.586605348,2
322,-0.076049993,0.578885073,2
323,-0.048132321,0.589404668,2
324,-0.07460982,0.579192544,2
325,-0.057517423,0.598065108,2
326,-0.090021684,0.587885477,2
327,-0.08577599,0.56324453,2
328,-0.088800074,0.570979226,2
329,-0.049490404,0.627485074,2
330,0.023250136,0.461234885,2
331,0.058458951,0.624603537,2
332,-0.030374348,0.646090512,2
333,-0.047545693,0.642981976,2
334,-0.011248527,0.626632011,2
335,-0.075238478,0.525161062,2
336,0.031667598,0.631439643,2
337,-0.083582198,0.489469896,2
338,-0.01857811,0.641054186,2
339,-0.03430137,0.49209249,2
340,0.023554485,0.574719906,2
341,0.011906073,0.539970988,2
342,0.009419285,0.594708144,2
343,-0.155983722,0.53240219,2
344,-0.027912279,0.600696023,2
345,-0.246472294,0.538883922,2
346,0.040587871,0.510498209,2
347,-0.054224804,0.585769757,2
348,0.00930885,0.600172698,2
349,-0.054860277,0.52353734,2
350,-0.01610407,0.573698985,2
351,0.044339057,0.609960476,2
352,-0.052367754,0.585208691,2
353,0.043907371,0.518487218,2
354,-0.148800035,0.501123602,2
355,-0.166822727,0.597409266,2
356,-0.0758467,0.505065019,2
357,0.045694941,0.528558025,2
358,-0.097678351,0.495694865,2
359,-0.095118115,0.514068787,2
360,-0.026461252,0.506832779,2
361,-0.06207466,0.630542212,2
362,0.036143738,0.57532363,2
363,-0.093252055,0.536406442,2
364,-0.014334842,0.595749562,2
365,-0.042357184,0.541377409,2
366,0.07476731,0.408764677,2
367,-0.011511456,0.600792803,2
368,-0.071364984,0.425733555,2
369,-0.147596598,0.612880031,2
370,-0.045178878,0.532474522,2
371,0.007371423,0.512983463,2
372,-0.024937425,0.624099552,2
373,0.015251235,0.585451354,2
374,-0.120778764,0.647995217,2
375,-0.060453831,0.645629315,2
376,-0.008852675,0.493315659,2
377,-0.092845073,0.562555547,2
378,-0.124886128,0.546246593,2
379,0.046709483,0.538029321,2
380,-0.020222386,0.623014145,2
381,-0.048953146,0.652488026,2
382,0.037403126,0.611969746,2
383,0.030236818,0.628757161,2
384,-0.042720801,0.574922764,2
385,-0.217735547,0.496611415,2
386,0.076873236,0.583887248,2
387,-0.056447286,0.569117787,2
388,0.089076048,0.547375281,2
389,-0.032650697,0.72239403,2
390,-0.027592787,0.540679433,2
391,0.046793973,0.561561756,2
392,-0.000336132,0.447780067,2
393,-0.010654558,0.638064344,2
394,-0.089000948,0.504806153,2
395,-0.083627437,0.503020977,2
396,0.023299188,0.664217254,2
397,-0.066314123,0.48050529,2
398,-0.101026324,0.561262951,2
399,-0.030889363,0.493300071,2
400,-0.098063243,0.637241669,2
401,-0.113852383,0.572744499,2
402,0.01456756,0.696985828,2
403,-0.244266185,0.543149622,2
404,0.060302168,0.686564881,2
405,-0.088063768,0.484991349,2
406,-0.18347527,0.615044725,2
407,-0.069635351,0.592374201,2
408,-0.12663547,0.528823439,2
409,-0.073966338,0.561206714,2
410,-0.140049596,0.480428944,2
411,0.016917832,0.501558521,2
412,0.082713581,0.67469452,2
413,-0.017272693,0.493770588,2
414,-0.08871402,0.493717649,2
415,0.008992676,0.515675963,2
416,0.015787329,0.725029516,2
417,0.090075112,0.613114425,2
418,-0.101709826,0.527853727,2
419,-0.001179396,0.598453778,2
420,0.007647205,0.550552657,2
421,-0.080836375,0.509085286,2
422,0.034548311,0.629180777,2
423,-0.204593574,0.548732464,2
424,-0.087121486,0.530960944,2
425,-0.143584021,0.620767258,2
426,-0.095236637,0.495309248,2
427,-0.030535741,0.65012186,2
428,-0.022289144,0.532646204,2
429,-0.054529247,0.559528628,2
430,-0.01361351,0.574372698,2
431,-0.090390449,0.557738711,2
432,-0.182009575,0.695259751,2
433,-0.086352715,0.671918219,2
434,-0.140328164,0.444401744,2
435,-0.158488543,0.539742078,2
436,0.163804888,0.522464572,2
437,-0.106182354,0.620347516,2
438,-0.129528681,0.606491151,2
439,-0.094909136,0.599116616,2
440,-0.039739515,0.563619889,2
441,-0.091742002,0.532127429,2
442,-0.064821629,0.57012579,2
443,-0.181117014,0.580723167,2
444,-0.156187675,0.482824412,2
445,-0.056827599,0.665658145,2
446,-0.033098484,0.542349771,2
447,0.009363934,0.501379079,2
448,-0.186954208,0.549527638,2
449,-0.111976789,0.602786681,2
450,-0.004311774,0.557375537,2
451,-0.034320525,0.508479641,2
452,-0.044835554,0.542923319,2
453,-0.090215116,0.606224012,2
454,-0.125856689,0.589772008,2
455,-0.046065214,0.620729972,2
456,-0.128809696,0.528464652,2
457,-0.062737417,0.524122567,2
458,-0.176032216,0.485018146,2
459,-0.110482543,0.511821506,2
460,-0.106263161,0.684453918,2
461,-0.006900253,0.630061861,2
462,-0.003085936,0.536990321,2
463,-0.186622139,0.576844725,2
464,-0.166792222,0.607250147,2
465,-0.096026063,0.491711063,2
466,0.065995146,0.608468625,2
467,-0.07629421,0.608994055,2
468,-0.083934072,0.648041693,2
469,-0.025112624,0.551413846,2
470,-0.088495342,0.556410158,2
471,0.14395941,0.680816085,2
472,-0.001440225,0.552205303,2
473,0.054627309,0.711500147,2
474,-0.129917317,0.582440832,2
475,-0.079635848,0.594057121,2
476,0.027093222,0.619964718,2
477,0.061052682,0.550717625,2
478,-0.121583395,0.522233508,2
479,-0.075238739,0.536404718,2
480,-0.012516759,0.559627896,2
481,-0.060337525,0.5307351,2
482,-0.000236772,0.618676132,2
483,-0.028769753,0.55235741,2
484,-0.088884647,0.653058326,2
485,-0.027839417,0.583710784,2
486,-0.133172728,0.59751016,2
487,-0.097989044,0.581264784,2
488,-0.190540538,0.502545914,2
489,-0.043660197,0.565863679,2
490,-0.090145258,0.529186081,2
491,0.01141731,0.589350066,2
492,-0.069551331,0.504881512,2
493,0.013808789,0.51224517,2
494,0.021887078,0.530824777,2
495,0.021558875,0.552504759,2
496,-0.098861701,0.601524717,2
497,-0.037830353,0.593210892,2
498,-0.152666978,0.642617648,2
499,-0.004891592,0.545091164,2
500,-0.029477579,0.490389258,2
501,-0.057896657,0.549651005,2
502,-0.099890328,0.567407095,2
503,-0.162914645,0.650373189,2
504,-0.061033647,0.620430729,2
505,-0.125528244,0.517518109,2
506,-0.04044231,0.567477932,2
507,-0.004174999,0.489210733,2
508,0.018544416,0.617373283,2
509,0.026530771,0.541251991,2
510,-0.16146517,0.50676182,2
511,-0.096222608,0.54489294,2
512,-0.10545389,0.640238567,2
513,-0.104963713,0.672622172,2
514,-0.063859507,0.605812677,2
515,-0.145837035,0.56160052,2
516,-0.158034359,0.649882363,2
517,-0.061515249,0.557064677,2
518,0.010028108,0.625299846,2
519,-0.080983501,0.513557977,2
520,0.06337453,0.524488178,2
521,-0.20720937,0.522499051,2
522,0.018021394,0.555635101,2
523,0.06242041,0.64298013,2
524,-0.171490374,0.635592061,2
525,0.095534388,0.460049205,2
526,0.08299701,0.624879703,2
527,-0.077481524,0.662099334,2
528,-0.068815462,0.517456619,2
529,-0.074370641,0.609265309,2
530,-0.182795589,0.673245173,2
531,-0.114923963,0.6228643,2
532,-0.010893757,0.657336453,2
533,-0.010092154,0.557418116,2
534,-0.163300908,0.569227814,2
535,0.055781109,0.565093988,2
536,0.005839276,0.624878743,2
537,-0.010944592,0.557627206,2
538,0.000106152,0.653300011,2
539,-0.007109684,0.51553358,2
540,-0.027444782,0.575353063,2
541,-0.148007382,0.598537706,2
542,-0.136174277,0.530183676,2
543,0.102213188,0.623360135,2
544,-0.196843586,0.610080029,2
545,0.008900579,0.505245752,2
546,-0.101252281,0.564403915,2
547,-0.111681063,0.558811242,2
548,-0.011209074,0.670339453,2
549,-0.057284462,0.545091792,2
550,-0.00731874,0.641633145,2
551,-0.00197475,0.490103909,2
552,-0.021394202,0.497876196,2
553,-0.045823212,0.574771442,2
554,-0.081840492,0.653033641,2
555,-0.166306065,0.559783612,2
556,0.042070315,0.536803906,2
557,0.1089946,0.648038919,2
558,-0.087848935,0.568068227,2
559,-0.027705314,0.500960909,2
560,0.002794554,0.592574205,2
561,-0.153150074,0.593591731,2
562,-0.093502387,0.474332594,2
563,-0.106287557,0.664822365,2
564,-0.006859965,0.442587004,2
565,-0.045294596,0.52137553,2
566,-0.041320094,0.542138363,2
567,-0.106543943,0.573106154,2
568,-0.042446181,0.491980663,2
569,-0.027197402,0.601641014,2
570,0.073696087,0.538235253,2
571,-0.015634971,0.611510133,2
572,0.008295629,0.665847334,2
573,-0.157181627,0.585332039,2
574,-0.097805363,0.521552771,2
575,-0.106546702,0.5097434,2
576,0.011192246,0.54972568,2
577,-0.141277303,0.582681302,2
578,-0.019591085,0.64746983,2
579,-0.160179766,0.564234844,2
580,0.048349126,0.604306197,2
581,-0.107667278,0.553311759,2
582,-0.132007011,0.568893102,2
583,-0.125247114,0.65755811,2
584,0.040273341,0.564921169,2
585,-0.016165431,0.611606253,2
586,-0.008162575,0.565957655,2
587,-0.186290497,0.606257076,2
588,-0.17290738,0.479614334,2
589,0.017480551,0.671308326,2
590,-0.058224835,0.628303539,2
591,-0.027317062,0.623837826,2
592,-0.117221745,0.525828053,2
593,-0.10183295,0.628915294,2
594,-0.081139362,0.522845622,2
595,-0.083288339,0.517075328,2
596,-0.167757024,0.562765773,2
597,0.066335127,0.555333178,2
598,-0.122847863,0.561467181,2
599,0.064043633,0.65600515,2
600,0.222371576,0.659051258,3
601,0.163285403,0.691333053,3
602,0.219644401,0.69785661,3
603,0.213508089,0.697966664,3
604,0.201125457,0.713329863,3
605,0.125120897,0.657787499,3
606,0.166933023,0.711231009,3
607,0.158822925,0.671698263,3
608,0.169756036,0.681063025,3
609,0.204444819,0.700123871,3
610,0.2197365,0.697209271,3
611,0.18663995,0.720305355,3
612,0.155288884,0.65631354,3
613,0.125125399,0.695271542,3
614,0.185886398,0.700152295,3
615,0.133121911,0.652704966,3
616,0.174240253,0.684424104,3
617,0.169303616,0.700653713,3
618,0.19364618,0.696750774,3
619,0.182701956,0.661072098,3
620,0.124735592,0.660422719,3
621,0.176832935,0.704725258,3
622,0.168698463,0.680401625,3
623,0.134302728,0.668177581,3
624,0.158643461,0.680645326,3
625,0.236844088,0.715642493,3
626,0.156552332,0.711393609,3
627,0.125422538,0.661118826,3
628,0.118852895,0.659306082,3
629,0.140743143,0.680786734,3
630,0.262994233,0.741947182,3
631,0.200263445,0.705341464,3
632,0.136918595,0.736917558,3
633,0.115457958,0.60453553,3
634,0.141815447,0.623499614,3
635,0.206376505,0.769061946,3
636,0.140492636,0.727753947,3
637,0.154451399,0.695464979,3
638,0.06550194,0.653337516,3
639,0.187548867,0.690215687,3
640,0.095834074,0.593702164,3
641,0.198882552,0.70111718,3
642,0.266487019,0.760218687,3
643,0.145786291,0.675774319,3
644,0.308744565,0.778758371,3
645,0.098858106,0.703458582,3
646,0.294450562,0.848189548,3
647,0.133699283,0.647404495,3
648,0.196022498,0.680219139,3
649,0.147000011,0.679606971,3
650,0.290289853,0.67259657,3
651,0.25854041,0.633257764,3
652,0.304112961,0.715065215,3
653,0.075520044,0.640006388,3
654,0.1758208,0.630345191,3
655,0.182969267,0.723113267,3
656,0.225764674,0.755346086,3
657,0.145649001,0.678170945,3
658,0.10609211,0.729724507,3
659,0.293616856,0.723359073,3
660,0.161164196,0.683731624,3
661,0.172937899,0.657917429,3
662,0.265725711,0.689167341,3
663,0.258066488,0.756601126,3
664,0.085603369,0.700724447,3
665,0.144604371,0.672105784,3
666,0.099493965,0.652673151,3
667,0.237229428,0.699901361,3
668,0.087193501,0.692016034,3
669,0.307229851,0.803645756,3
670,0.265433584,0.771918215,3
671,0.334209645,0.746773332,3
672,0.264090414,0.721900223,3
673,0.048501215,0.643739932,3
674,0.219759865,0.690889551,3
675,0.084743781,0.584718031,3
676,0.170901838,0.654318377,3
677,0.068918163,0.647158498,3
678,0.127413566,0.718445566,3
679,0.245873131,0.732015762,3
680,0.173823553,0.675628178,3
681,0.067739387,0.605806277,3
682,0.171392952,0.674110215,3
683,0.211004281,0.729955103,3
684,0.101619318,0.546015111,3
685,-0.099082017,0.554865913,3
686,0.133499524,0.639182418,3
687,0.086879839,0.604484355,3
688,0.097752466,0.635240696,3
689,0.124256852,0.660076598,3
690,0.223358564,0.671805376,3
691,0.173131897,0.621999774,3
692,0.148229117,0.726125874,3
693,0.203921891,0.749935371,3
694,0.097943497,0.590246748,3
695,0.333128226,0.806448625,3
696,0.156673363,0.765609482,3
697,0.219776779,0.581948885,3
698,0.082288788,0.612460839,3
699,0.140660068,0.655037703,3
700,0.164197046,0.688962106,3
701,0.194215837,0.693190247,3
702,0.216730028,0.669840163,3
703,0.18432476,0.679916606,3
704,0.288540253,0.796327733,3
705,0.145052191,0.776719142,3
706,0.223103883,0.675217151,3
707,0.454679152,0.752055335,3
708,0.03908386,0.679085501,3
709,0.105100347,0.615972233,3
710,0.311186054,0.744709733,3
711,0.162336915,0.668595679,3
712,0.082363755,0.650496886,3
713,0.252225809,0.682772411,3
714,0.217099919,0.764681537,3
715,0.251199311,0.633521953,3
716,0.225759272,0.684976374,3
717,0.239166552,0.684042906,3
718,0.138618035,0.550819645,3
719,0.205770906,0.599756308,3
720,0.136735579,0.754199671,3
721,0.115037094,0.674174151,3
722,0.416145108,0.763676984,3
723,0.123170949,0.685026771,3
724,-0.015018819,0.581636554,3
725,0.246415268,0.703385576,3
726,0.082714927,0.613356422,3
727,0.14339108,0.681925939,3
728,0.212458439,0.701831483,3
729,0.232642791,0.719645571,3
730,0.209417782,0.671928312,3
731,0.227169024,0.725787908,3
732,0.166859978,0.624145049,3
733,0.184670831,0.65818958,3
734,0.160887456,0.607792696,3
735,0.219947316,0.687142719,3
736,0.2907203,0.722276201,3
737,0.077108154,0.66389745,3
738,0.124173602,0.680613003,3
739,0.073834683,0.570931606,3
740,0.349705138,0.799615724,3
741,0.205195493,0.742871588,3
742,0.414887194,0.795396689,3
743,0.354958503,0.787336145,3
744,0.156824971,0.700429561,3
745,0.293401717,0.75500758,3
746,0.129830393,0.661968134,3
747,0.238064982,0.757499722,3
748,0.10550086,0.707813825,3
749,0.220526936,0.730143524,3
750,0.139875303,0.660280176,3
751,0.064306107,0.697127958,3
752,0.15116208,0.679554254,3
753,0.347662406,0.717719477,3
754,0.120232159,0.609570108,3
755,0.179265825,0.572941144,3
756,0.104185183,0.772081961,3
757,0.246347996,0.738717243,3
758,0.214082471,0.727389164,3
759,0.239269585,0.768059649,3
760,0.259892658,0.793406864,3
761,0.195767127,0.681462144,3
762,-0.002129335,0.605300772,3
763,0.30596599,0.692528709,3
764,0.214091412,0.634482447,3
765,0.370610678,0.77129444,3
766,0.01854223,0.61749589,3
767,0.222164405,0.653976044,3
768,0.201120334,0.537343077,3
769,0.367299588,0.701370774,3
770,0.143920221,0.665385647,3
771,0.175008054,0.684306908,3
772,0.03789582,0.610838926,3
773,0.192864012,0.660352635,3
774,0.126688072,0.751052898,3
775,0.088801302,0.759797361,3
776,0.116087596,0.782319905,3
777,0.041560033,0.541642295,3
778,0.030462707,0.603551682,3
779,0.388812292,0.702648289,3
780,0.223986506,0.815868645,3
781,0.04976706,0.756407402,3
782,-0.009701569,0.674182617,3
783,0.136567367,0.737531543,3
784,0.213566985,0.607613816,3
785,0.086470309,0.72356154,3
786,0.168025551,0.625985224,3
787,0.050731278,0.619068395,3
788,0.056902421,0.546100286,3
789,0.318662131,0.727837836,3
790,0.128128102,0.689803355,3
791,0.12966593,0.582670559,3
792,0.166850261,0.708197894,3
793,0.230220215,0.730330703,3
794,0.239724099,0.663185054,3
795,0.180353913,0.650935491,3
796,0.129965476,0.704461894,3
797,0.285099443,0.757500554,3
798,0.182816279,0.680636661,3
799,0.344181304,0.83884401,3
800,0.174797242,0.685732823,3
801,0.358858585,0.741039182,3
802,0.005129025,0.585147445,3
803,0.387611298,0.74631778,3
804,0.368086295,0.824492212,3
805,0.106734967,0.624120883,3
806,0.158475602,0.692763643,3
807,0.09162292,0.690137656,3
808,0.321084373,0.806708296,3
809,0.220319266,0.676848427,3
810,0.285111506,0.708314561,3
811,0.039056553,0.601337949,3
812,0.03562563,0.706496529,3
813,0.17933987,0.756755232,3
814,0.103073542,0.673568776,3
815,0.1917883,0.647747013,3
816,-0.044012361,0.663787184,3
817,0.173856026,0.71828307,3
818,0.066256169,0.624426056,3
819,0.169034981,0.625762252,3
820,0.112817087,0.711673192,3
821,0.220143868,0.712945415,3
822,-0.066518998,0.566074925,3
823,0.204713196,0.788301242,3
824,0.0594838,0.604887686,3
825,0.258128946,0.760706962,3
826,0.249682626,0.692301105,3
827,0.102002893,0.764346087,3
828,0.06070049,0.63481594,3
829,0.145443563,0.640718648,3
830,0.243780139,0.652149608,3
831,0.320659857,0.765778468,3
832,0.138289871,0.694691521,3
833,0.106993256,0.668368106,3
834,0.299790823,0.700234569,3
835,0.15856792,0.647853311,3
836,0.197304173,0.657203575,3
837,0.33633343,0.74539725,3
838,0.142171693,0.691871269,3
839,0.120261166,0.627039772,3
840,0.210366987,0.758338223,3
841,0.090164015,0.62945622,3
842,0.348447609,0.63708108,3
843,0.112142462,0.703048056,3
844,0.238676833,0.721201205,3
845,0.009479384,0.610264375,3
846,0.224592727,0.679239384,3
847,0.273459424,0.650566829,3
848,0.087214568,0.650692154,3
849,0.327132005,0.741695193,3
850,0.290483302,0.784760174,3
851,0.192435149,0.689129208,3
852,0.243052018,0.75326146,3
853,0.308010777,0.692673645,3
854,0.164140118,0.693544426,3
855,0.076221679,0.651978982,3
856,0.279929666,0.766200828,3
857,0.183341292,0.624107554,3
858,0.135927851,0.682494518,3
859,0.148326938,0.754681244,3
860,0.10268429,0.687859052,3
861,0.418171404,0.821992764,3
862,-0.098881619,0.576115075,3
863,0.145543806,0.706414885,3
864,0.208832433,0.576717791,3
865,0.045082471,0.652576898,3
866,0.103882954,0.61156919,3
867,0.266084366,0.737024181,3
868,0.001310275,0.586587239,3
869,0.243084889,0.777471647,3
870,0.290122838,0.805762633,3
871,0.085258517,0.679424249,3
872,0.1214103,0.662018406,3
873,0.355251354,0.717533639,3
874,0.196549553,0.730690501,3
875,0.071061057,0.651002914,3
876,0.120290001,0.664211232,3
877,0.100728924,0.694168937,3
878,0.394308696,0.750594426,3
879,0.086921172,0.594622896,3
880,0.152267137,0.694877494,3
881,0.196938785,0.657587216,3
882,0.181947517,0.694924583,3
883,0.133887429,0.675639564,3
884,0.167440944,0.677524405,3
885,0.15965443,0.65256222,3
886,0.218698067,0.700660189,3
887,0.16684865,0.705392871,3
888,0.338858133,0.778093273,3
889,0.185215462,0.768588067,3
890,0.131983546,0.588413499,3
891,0.238516353,0.704278483,3
892,0.35222222,0.702384243,3
893,0.188006902,0.703088748,3
894,0.1964226,0.75059371,3
895,0.038217301,0.64940456,3
896,0.305679934,0.746932527,3
897,0.215183406,0.689882044,3
898,0.122843291,0.612646011,3
899,0.175859257,0.678035224,3
900,0.22609597,0.301715422,4
901,0.281832302,0.336673406,4
902,0.265344867,0.347756814,4
903,0.241502136,0.201411445,4
904,0.236304909,0.243997913,4
905,0.212145547,0.219808543,4
906,0.251908963,0.230686328,4
907,0.271860174,0.313235469,4
908,0.229311956,0.264336456,4
909,0.233560299,0.287017259,4
910,0.249456739,0.308020534,4
911,0.268558319,0.375328667,4
912,0.261151812,0.278185677,4
913,0.216484671,0.232220563,4
914,0.271377059,0.315976071,4
915,0.271817306,0.314265834,4
916,0.210226742,0.177414441,4
917,0.243506904,0.337724314,4
918,0.260525245,0.297689509,4
919,0.266493603,0.310443479,4
920,0.235161897,0.219546866,4
921,0.251328153,0.32886316,4
922,0.24965652,0.269280477,4
923,0.24906148,0.298548554,4
924,0.260278548,0.284470361,4
925,0.256270592,0.313527192,4
926,0.240710169,0.296149507,4
927,0.279622965,0.405751782,4
928,0.250330494,0.291353727,4
929,0.258456832,0.345008729,4
930,0.297869158,0.34895053,4
931,0.403211242,0.517115585,4
932,0.281160725,0.155876464,4
933,0.339104716,0.522856103,4
934,0.15169313,0.04525679,4
935,0.298201166,0.478541795,4
936,0.194350083,0.248770578,4
937,0.354145894,0.463467297,4
938,0.244985526,0.500384321,4
939,0.231264867,0.287317646,4
940,0.151191039,0.076327977,4
941,0.295690988,0.594045769,4
942,0.206363292,0.369537119,4
943,0.214336844,0.298960365,4
944,0.304843264,0.481091761,4
945,0.19288718,0.232751462,4
946,0.313403068,0.292037539,4
947,0.248869454,0.278822266,4
948,0.391417792,0.657073291,4
949,0.262146827,0.332683585,4
950,0.282176815,0.223939038,4
951,0.294655474,0.341289527,4
952,0.245411581,0.118970046,4
953,0.24161781,0.112928901,4
954,0.363887615,0.349239007,4
955,0.335067039,0.216872991,4
956,0.216907617,0.239756568,4
957,0.284746638,0.362459922,4
958,0.334373696,0.654887785,4
959,0.259406296,0.237656803,4
960,0.255250463,0.176684555,4
961,0.263024672,0.492898495,4
962,0.196512629,0.154197239,4
963,0.146041159,0.066330083,4
964,0.258894848,0.348063515,4
965,0.268480557,0.173172632,4
966,0.183346716,0.12389449,4
967,0.292375497,0.316955544,4
968,0.245355995,0.263594221,4
969,0.232012183,0.27935212,4
970,0.215201993,0.206646927,4
971,0.342607665,0.536165208,4
972,0.213004368,0.47791046,4
973,0.289531563,0.369449907,4
974,0.213953581,0.282448154,4
975,0.276623355,0.357150966,4
976,0.247657197,0.439743301,4
977,0.21912038,0.204936949,4
978,0.180196717,0.089133175,4
979,0.178326252,0.130971244,4
980,0.235936647,0.286795016,4
981,0.166714798,0.183544163,4
982,0.166293923,0.015185485,4
983,0.322083067,0.478018385,4
984,0.22522954,0.060650339,4
985,0.327946288,0.538430213,4
986,0.251223757,0.403610314,4
987,0.206363045,0.069339448,4
988,0.21077186,0.203234066,4
989,0.181607542,0.066028928,4
990,0.192144516,0.199760893,4
991,0.302950687,0.454285067,4
992,0.29273012,0.294617748,4
993,0.230556502,0.209500672,4
994,0.243355118,0.504837708,4
995,0.210847942,0.35716601,4
996,0.153747811,0.074349207,4
997,0.296350125,0.400074997,4
998,0.116926755,0.055843789,4
999,0.233022574,0.257295538,4
1000,0.263237467,0.318591209,4
1001,0.309529409,0.421056224,4
1002,0.31154606,0.481207146,4
1003,0.251540998,0.306418505,4
1004,0.238523453,0.293914117,4
1005,0.234325455,0.28876536,4
1006,0.287758978,0.267098541,4
1007,0.255143355,0.155556004,4
1008,0.246388802,0.274355109,4
1009,0.410639807,0.655551704,4
1010,0.110548418,0.066474116,4
1011,0.204416053,0.232647169,4
1012,0.23374756,0.228218415,4
1013,0.240009264,0.105829188,4
1014,0.32135132,0.49270252,4
1015,0.253585021,-0.056979461,4
1016,0.281789814,0.369871712,4
1017,0.249482302,0.326691168,4
1018,0.156426089,0.128533943,4
1019,0.395773475,0.564860883,4
1020,0.304816096,0.486702921,4
1021,0.125747134,0.100084779,4
1022,0.210149905,0.04203347,4
1023,0.259297485,0.383072553,4
1024,0.2678641,0.368891912,4
1025,0.24830706,0.335368398,4
1026,0.194553526,0.093041346,4
1027,0.271142295,0.37940225,4
1028,0.292101619,0.562166182,4
1029,0.222710924,0.258358178,4
1030,0.231018334,0.056935196,4
1031,0.309967717,0.564316517,4
1032,0.112459939,-0.003546166,4
1033,0.274595972,0.409525864,4
1034,0.200188607,0.096898057,4
1035,0.19020287,0.271986599,4
1036,0.208855733,0.172014096,4
1037,0.239924022,0.296475821,4
1038,0.210603882,0.168950881,4
1039,0.247920575,0.429978305,4
1040,0.157981628,0.094247072,4
1041,0.338454278,0.43187102,4
1042,0.16285419,0.116459198,4
1043,0.126660354,-0.081671787,4
1044,0.214886391,0.205347554,4
1045,0.137725002,0.06536829,4
1046,0.191166051,0.193092716,4
1047,0.294962493,0.367757694,4
1048,0.223389816,0.279113582,4
1049,0.324523259,0.346200411,4
1050,0.251049688,0.309717532,4
1051,0.286312343,0.4849959,4
1052,0.135539285,0.229058009,4
1053,0.242049041,0.473313666,4
1054,0.24183175,0.312987508,4
1055,0.309182214,0.387101745,4
1056,0.181181581,0.096060435,4
1057,0.190774309,0.029529526,4
1058,0.329052612,0.337693893,4
1059,0.309954733,0.564787058,4
1060,0.2219074,0.165149979,4
1061,0.322966335,0.41668144,4
1062,0.289955591,0.391272987,4
1063,0.119457842,0.093853503,4
1064,0.256582975,0.419589729,4
1065,0.312130408,0.482085142,4
1066,0.245183897,0.263426144,4
1067,0.13174619,0.073984961,4
1068,0.208147913,0.062641237,4
1069,0.266474685,0.31653468,4
1070,0.210852112,0.122095727,4
1071,0.158199085,0.071561618,4
1072,0.24366511,0.293437341,4
1073,0.219237698,0.335810504,4
1074,0.184556969,0.087079432,4
1075,0.129403927,0.063341589,4
1076,0.208601953,0.117525166,4
1077,0.239025432,0.265897482,4
1078,0.260056682,0.346328557,4
1079,0.326464361,0.445921036,4
1080,0.31811853,0.617110621,4
1081,0.259695732,0.244006158,4
1082,0.162477003,0.143454329,4
1083,0.138219037,-0.021913795,4
1084,0.432091998,0.572793196,4
1085,0.332673021,0.474580211,4
1086,0.256171637,0.388665876,4
1087,0.25249701,0.218645483,4
1088,0.244071062,0.407113655,4
1089,0.300029442,0.377674722,4
1090,0.241326949,0.380997224,4
1091,0.260132595,0.212800663,4
1092,0.303680817,0.446206519,4
1093,0.238949446,0.202620183,4
1094,0.319650932,0.446028451,4
1095,0.237953743,0.223461215,4
1096,0.304820342,0.391876239,4
1097,0.170515662,0.214604901,4
1098,0.260934428,0.151153206,4
1099,0.323424716,0.425448924,4
1100,0.169870141,0.004748953,4
1101,0.19481079,0.22061606,4
1102,0.324107022,0.417392479,4
1103,0.238464644,0.377242145,4
1104,0.218991985,0.108407058,4
1105,0.202895381,0.095981551,4
1106,0.262912612,0.301130365,4
1107,0.303177906,0.338109996,4
1108,0.174947335,0.101476063,4
1109,0.446866894,0.6353901,4
1110,0.228596572,0.177760475,4
1111,0.328093856,0.23535519,4
1112,0.265707316,0.375963761,4
1113,0.071978726,-0.049121875,4
1114,0.259102545,0.408543311,4
1115,0.287609187,0.441072182,4
1116,0.264893187,0.117372601,4
1117,0.27657482,0.183933006,4
1118,0.333946488,0.647924359,4
1119,0.191898224,0.022260398,4
1120,0.289895918,0.406848199,4
1121,0.216883735,0.296960865,4
1122,0.240393083,0.378163633,4
1123,0.367384005,0.643029852,4
1124,0.31924867,0.441270148,4
1125,0.238203721,0.268984031,4
1126,0.309371749,0.523114674,4
1127,0.347653918,0.293607118,4
1128,0.104567871,-0.000703135,4
1129,0.284795676,0.251314414,4
1130,0.234553476,0.246897525,4
1131,0.317921269,0.387263782,4
1132,0.292547155,0.240554745,4
1133,0.23333199,0.339058783,4
1134,0.273372743,0.239328459,4
1135,0.222045649,0.170226743,4
1136,0.297234767,0.337326422,4
1137,0.189786794,0.1098111,4
1138,0.265473738,0.338571566,4
1139,0.251236339,0.301438262,4
1140,0.3147425,0.366028863,4
1141,0.284793126,0.273294585,4
1142,0.360091956,0.484637664,4
1143,0.237013632,0.348419279,4
1144,0.201476008,0.102591152,4
1145,0.178594513,0.211596538,4
1146,0.195882098,0.203557879,4
1147,0.228520581,0.144729356,4
1148,0.302177831,0.298525012,4
1149,0.248482118,0.06395389,4
1150,0.235309903,0.205431443,4
1151,0.258991974,0.19557653,4
1152,0.211284448,0.254951117,4
1153,0.193796496,0.07820553,4
1154,0.234320264,0.264027065,4
1155,0.226171492,0.159424615,4
1156,0.327153747,0.382210766,4
1157,0.265061904,0.479039736,4
1158,0.357855444,0.422063677,4
1159,0.161569569,-0.043080085,4
1160,0.377719991,0.501808122,4
1161,0.152984686,0.176454197,4
1162,0.244959502,0.211898732,4
1163,0.370095962,0.501819263,4
1164,0.224588521,0.299007264,4
1165,0.375010591,0.501815095,4
1166,0.393050497,0.523115023,4
1167,0.281407949,0.33281372,4
1168,0.303261403,0.339542606,4
1169,0.23331289,0.262669473,4
1170,0.315760909,0.258715959,4
1171,0.202392631,0.36167706,4
1172,0.268965955,0.433612725,4
1173,0.264858752,0.438129068,4
1174,0.248745603,0.352624162,4
1175,0.350314153,0.573855396,4
1176,0.290532633,0.444982505,4
1177,0.21619779,0.293492622,4
1178,0.242500995,0.360930852,4
1179,0.204302714,0.215106825,4
1180,0.261808987,0.233235593,4
1181,0.2535386,0.50998731,4
1182,0.27861615,0.418852094,4
1183,0.261126901,0.312666902,4
1184,0.179053109,0.28434892,4
1185,0.292615058,0.325231952,4
1186,0.199560213,0.166881364,4
1187,0.205001489,0.330287973,4
1188,0.257272863,0.267783786,4
1189,0.243057868,0.364061007,4
1190,0.276231951,0.335505549,4
1191,0.318673888,0.50252388,4
1192,0.298160129,0.415917401,4
1193,0.274290932,0.386538256,4
1194,0.288697483,0.286696039,4
1195,0.212262516,-0.090237199,4
1196,0.191904358,0.092853188,4
1197,0.198769604,0.371513941,4
1198,0.269260006,0.200379054,4
1199,0.3368649,0.374326183,4
1200,-0.139664933,0.003325175,5
1201,-0.156140325,-0.007844374,5
1202,-0.180861448,-0.014065896,5
1203,-0.118113611,0.001418255,5
1204,-0.236403507,0.020583383,5
1205,-0.137169098,-0.002720567,5
1206,-0.172296652,0.005872048,5
1207,-0.114738142,-0.00311116,5
1208,-0.106574119,-0.021047094,5
1209,-0.142142908,-0.017495913,5
1210,-0.093120549,-0.008419303,5
1211,-0.063063649,-0.010095108,5
1212,-0.154533856,-0.049217061,5
1213,-0.178252316,0.003357093,5
1214,-0.159295757,0.039188788,5
1215,-0.121346129,-0.0258922,5
1216,-0.089369718,0.021803483,5
1217,-0.136419229,0.015955006,5
1218,-0.140350617,0.009460969,5
1219,-0.181095203,-0.013563107,5
1220,-0.160712551,0.01932434,5
1221,-0.149398679,0.026789563,5
1222,-0.143117056,-0.011227631,5
1223,-0.13728064,-0.008615858,5
1224,-0.160500946,0.011811117,5
1225,-0.213470708,0.027184764,5
1226,-0.151827884,0.005239693,5
1227,-0.20188788,0.006512031,5
1228,-0.182377057,0.015259734,5
1229,-0.055666707,-0.000859404,5
1230,-0.282091687,0.12252116,5
1231,0.130663669,0.060009821,5
1232,-0.06634227,0.048507141,5
1233,0.03542257,0.058729773,5
1234,-0.174319623,-0.023464072,5
1235,-0.131943716,-0.068067181,5
1236,-0.2408362,0.059468021,5
1237,-0.020297222,-0.067364559,5
1238,-0.082141531,0.149959335,5
1239,-0.307903483,0.070933119,5
1240,0.029873062,-0.068610134,5
1241,-0.387800778,-0.084195331,5
1242,-0.102195946,0.022429191,5
1243,-0.210554985,0.047373391,5
1244,-0.348542799,0.040820317,5
1245,-0.208291338,0.019593302,5
1246,-0.255094109,-0.118523267,5
1247,-0.081354004,0.050705313,5
1248,0.053540469,-0.049911323,5
1249,0.202403769,-0.042944704,5
1250,-0.01185293,0.042099247,5
1251,-0.24252459,0.021505474,5
1252,-0.294445869,-0.011444163,5
1253,-0.145395887,0.13068839,5
1254,-0.275831944,-0.046940314,5
1255,-0.134356257,0.042653158,5
1256,-0.262063165,0.005300612,5
1257,-0.068560871,-0.019773529,5
1258,-0.451964415,-0.151810452,5
1259,-0.000733177,0.056867577,5
1260,-0.040965339,-0.095158286,5
1261,-0.040392169,-0.089944569,5
1262,0.033430828,0.014643778,5
1263,-0.019481526,0.139233467,5
1264,-0.274484024,0.090283121,5
1265,0.090988944,0.041284618,5
1266,-0.230012028,0.044399511,5
1267,-0.22280804,0.066027492,5
1268,-0.418200363,-0.091049402,5
1269,-0.226324468,0.052813953,5
1270,-0.055810848,0.059466514,5
1271,-0.329980525,-0.131991085,5
1272,0.003422259,-0.028095975,5
1273,0.07959929,0.000720128,5
1274,-0.09683781,-0.022506159,5
1275,-0.154614519,-0.137430686,5
1276,-0.294453591,-0.109583846,5
1277,0.153232068,0.022876993,5
1278,-0.028158178,-0.017155451,5
1279,-0.258182334,0.015303398,5
1280,-0.01961867,0.03051062,5
1281,0.158118638,0.038236216,5
1282,-0.201922252,-0.083725088,5
1283,-0.136719991,0.018549977,5
1284,-0.221393629,-0.025816148,5
1285,-0.194335068,0.058194743,5
1286,0.084681315,0.012004159,5
1287,-0.238701607,0.037754942,5
1288,-0.261093935,0.014135163,5
1289,-0.097970913,-0.000142508,5
1290,-0.333754563,0.027085968,5
1291,-0.153925865,0.043410622,5
1292,0.046785677,0.039448514,5
1293,0.010180154,-0.012503338,5
1294,-0.148761681,-0.072194786,5
1295,-0.245764994,0.053993272,5
1296,-0.198735852,0.032970897,5
1297,0.005756103,0.037177642,5
1298,-0.059874521,0.023938416,5
1299,-0.278499458,-0.06488783,5
1300,0.023578074,0.012028602,5
1301,-0.257109906,0.014403951,5
1302,-0.06970071,0.053009906,5
1303,-0.107609515,-0.056562502,5
1304,-0.226789173,0.037458969,5
1305,-0.114146737,-0.047715274,5
1306,-0.151801983,0.028538433,5
1307,-0.170995682,-0.021909076,5
1308,0.101780573,-0.018181931,5
1309,-0.252187222,-0.008863943,5
1310,-0.1152161,-0.059337267,5
1311,0.104408973,0.159467352,5
1312,-0.235263149,-0.00665285,5
1313,0.107307605,0.004670788,5
1314,-0.258015084,-0.013698118,5
1315,-0.172066461,0.019675729,5
1316,-0.147757417,-0.002551066,5
1317,-0.016126347,0.03066421,5
1318,-0.197593134,-0.080676277,5
1319,0.241200722,0.005488922,5
1320,-0.05266529,-0.056798293,5
1321,-0.143400875,0.07223626,5
1322,-0.054935089,0.02294075,5
1323,-0.179826761,-0.023405546,5
1324,-0.442079947,0.064331096,5
1325,-0.217323385,-0.046170402,5
1326,-0.188408861,0.018333684,5
1327,-0.084743728,0.072292572,5
1328,-0.357342736,-0.02497258,5
1329,0.123537923,0.024122632,5
1330,-0.17094793,0.033145329,5
1331,-0.545320848,-0.010956489,5
1332,-0.213185013,0.041502218,5
1333,-0.329223813,-0.060301381,5
1334,-0.145141213,0.018381972,5
1335,-0.221908699,0.048413861,5
1336,-0.081972871,0.065683156,5
1337,-0.253877908,-0.000278569,5
1338,-0.247213385,0.008997813,5
1339,-0.501284908,0.073315976,5
1340,-0.309898716,0.045180495,5
1341,0.091033995,0.064443198,5
1342,-0.10113334,-0.045918544,5
1343,-0.208562766,-0.125556776,5
1344,0.057951568,0.025486443,5
1345,-0.061061349,-0.000822736,5
1346,-0.253493998,-0.009908385,5
1347,-0.15770186,-0.033532012,5
1348,-0.016041489,-0.012142421,5
1349,-0.2284007,-0.040521671,5
1350,-0.049205484,0.02765253,5
1351,-0.074485788,-0.048039266,5
1352,-0.065286374,0.019909481,5
1353,0.029889732,-0.094871132,5
1354,-0.090856407,-0.003035059,5
1355,-0.260739978,0.024650811,5
1356,0.058338548,-0.024781335,5
1357,0.19049808,0.008447539,5
1358,0.07730183,-0.029234219,5
1359,-0.057456085,-0.012451027,5
1360,0.064203493,0.086118224,5
1361,-0.174471723,-0.128131972,5
1362,-0.193715186,0.07365377,5
1363,-0.256838836,-0.054728564,5
1364,-0.117581603,-0.073921658,5
1365,-0.172739806,0.013514018,5
1366,-0.159814105,-0.071066621,5
1367,-0.245000344,0.049827074,5
1368,-0.231928087,-0.042099627,5
1369,-0.004703612,-0.014217564,5
1370,-0.396404087,-0.007113344,5
1371,0.026460935,0.010409544,5
1372,-0.13623105,0.00470032,5
1373,0.120943553,-0.060766025,5
1374,-0.049401141,0.024257541,5
1375,-0.357198917,0.062362567,5
1376,-0.184261976,-0.043181015,5
1377,-0.135127409,-0.010054315,5
1378,0.105667344,0.076336556,5
1379,-0.135311301,-0.015646941,5
1380,0.004521174,-0.071747639,5
1381,-0.116502562,0.036288334,5
1382,-0.114965172,0.049214537,5
1383,-0.137417732,-0.060489973,5
1384,-0.080510733,-0.022422871,5
1385,-0.159189323,0.012120831,5
1386,-0.337644083,0.002281472,5
1387,-0.132489306,0.020134925,5
1388,-0.158557674,-0.007003629,5
1389,0.041999014,0.040950552,5
1390,-0.121965219,0.015158228,5
1391,-0.081616696,0.005269616,5
1392,-0.165661459,-0.019385175,5
1393,0.04185471,0.089952131,5
1394,-0.213358714,0.019641653,5
1395,-0.120255294,-0.032153588,5
1396,-0.270945071,-0.002810874,5
1397,-0.229728238,0.019693556,5
1398,-0.041115432,-0.006063919,5
1399,0.017846733,0.004614312,5
1400,-0.093332734,0.070969437,5
1401,-0.206764347,0.085928784,5
1402,-0.230501896,0.120357615,5
1403,-0.043465016,0.032706276,5
1404,-0.30597148,-0.077530926,5
1405,-0.157729748,-0.126105676,5
1406,-0.006566359,-0.001342266,5
1407,-0.147594843,-0.051412737,5
1408,0.144626574,-0.038377491,5
1409,-0.27816926,0.021846972,5
1410,-0.225950592,-0.068718157,5
1411,-0.037254359,0.066426251,5
1412,0.006900561,0.004697174,5
1413,-0.042142182,-0.082952807,5
1414,0.108329041,-0.01531953,5
1415,-0.310886567,0.061376577,5
1416,0.0269549,0.053412979,5
1417,-0.11950758,-0.059091463,5
1418,-0.044007687,0.015256842,5
1419,-0.044166169,-0.078599852,5
1420,-0.176335783,0.017607263,5
1421,-0.216653046,0.092613694,5
1422,-0.297346767,-0.063211183,5
1423,-0.353600827,0.043943964,5
1424,0.014108242,-0.040203274,5
1425,-0.203975696,0.017353829,5
1426,-0.265235838,-0.015212203,5
1427,-0.058124924,-0.023233923,5
1428,-0.476307151,0.08321095,5
1429,-0.004659041,0.101364412,5
1430,-0.281142105,0.100063596,5
1431,-0.039236354,0.106150117,5
1432,0.048981047,0.057402889,5
1433,0.039141555,0.029792002,5
1434,-0.158579677,0.135028926,5
1435,0.005891501,0.118998796,5
1436,-0.18938442,0.018089397,5
1437,-0.214726527,0.061014674,5
1438,-0.10392257,0.06684577,5
1439,-0.219272309,0.040472985,5
1440,-0.129875071,0.020825932,5
1441,-0.19267882,0.040953916,5
1442,-0.132777339,-0.047814805,5
1443,-0.232123044,-0.001769528,5
1444,-0.129475033,0.109653118,5
1445,-0.368470061,0.01847282,5
1446,-0.042650796,-0.016938822,5
1447,-0.034937583,-0.035122036,5
1448,-0.146061519,-0.039848428,5
1449,-0.105837883,0.033762687,5
1450,-0.154419987,-0.029321981,5
1451,-0.191100946,0.051312925,5
1452,-0.137263271,0.112544241,5
1453,-0.254960631,0.138220875,5
1454,-0.135829445,0.055265796,5
1455,-0.355239628,0.02861968,5
1456,-0.303635925,-0.064646519,5
1457,-0.253171749,0.077254988,5
1458,-0.136946932,0.107997839,5
1459,-0.085938711,0.043821121,5
1460,0.11033069,0.032438609,5
1461,-0.073693841,0.11199665,5
1462,-0.359816833,0.07610085,5
1463,-0.078959083,-0.028485088,5
1464,0.127214148,0.063436104,5
1465,-0.15387132,0.002660707,5
1466,-0.460207914,-0.041252751,5
1467,-0.020487355,-0.0561637,5
1468,-0.058030596,0.005476824,5
1469,-0.106507565,-0.006179754,5
1470,-0.294159595,0.027745502,5
1471,0.040892152,0.020939209,5
1472,-0.1127632,0.032067024,5
1473,0.128127391,-0.055450457,5
1474,-0.210410824,-0.039518,5
1475,-0.351591022,0.009231737,5
1476,-0.111366319,0.01175029,5
1477,0.049899369,-0.03682398,5
1478,-0.017855287,0.030697066,5
1479,-0.226557681,0.016506418,5
1480,-0.276102203,0.017853414,5
1481,0.090994018,-0.036535199,5
1482,-0.007199353,-0.000290649,5
1483,-0.065308117,-0.075119718,5
1484,-0.157273788,0.060511693,5
1485,-0.277261198,0.116027056,5
1486,0.055134947,0.059469512,5
1487,0.013217316,-0.038484911,5
1488,-0.050151984,0.075731334,5
1489,0.111656917,-0.035517718,5
1490,-0.108015201,0.002548698,5
1491,-0.01589652,-0.005585481,5
1492,-0.097949564,0.058774218,5
1493,0.136394632,0.020372607,5
1494,-0.226702601,-0.018980806,5
1495,-0.414515181,0.088154834,5
1496,0.026741166,0.014218004,5
1497,-0.080576756,0.049550191,5
1498,-0.218146066,0.036949169,5
1499,-0.206746479,-0.024344616,5